{"x": 238, "y": 17, "w": 1681, "h": 1182, "rgba": [0.4664817694212102, 0.5892209837216679, 0.88473520156552, 0.35]}