{"x": 0, "y": 516, "w": 232, "h": 325, "rgba": [0.22601403036541345, 0.08680300493422799, 0.8855258046157161, 0.35]}