{"x": 623, "y": 464, "w": 48, "h": 44, "rgba": [0.4900690052566492, 0.07692197613582574, 0.7458901740591479, 0.35]}