{"x": 1879, "y": 293, "w": 29, "h": 89, "rgba": [0.7979199128222911, 0.8056284740571659, 0.8575534474219617, 0.35]}