{"x": 1864, "y": 79, "w": 28, "h": 89, "rgba": [0.10440540791628672, 0.040996846654787755, 0.9309808648832092, 0.35]}