{"x": 925, "y": 459, "w": 33, "h": 60, "rgba": [0.18523039989739054, 0.06028436214935917, 0.5476189930274327, 0.35]}