{"x": 508, "y": 498, "w": 81, "h": 26, "rgba": [0.7953336700405059, 0.10631734383888802, 0.029601977856529293, 0.35]}