{"x": 616, "y": 371, "w": 20, "h": 93, "rgba": [0.11300153268496071, 0.796918711451645, 0.4968975649608761, 0.35]}