{"x": 622, "y": 982, "w": 60, "h": 48, "rgba": [0.9706633454863673, 0.8107334949741796, 0.8505851078201541, 0.35]}