{"x": 1521, "y": 259, "w": 23, "h": 90, "rgba": [0.6750671667284613, 0.586949093501373, 0.11268398799343482, 0.35]}