{"x": 1531, "y": 153, "w": 23, "h": 90, "rgba": [0.6344326250287384, 0.04426010726958873, 0.9319758563674697, 0.35]}