{"x": 1648, "y": 371, "w": 30, "h": 56, "rgba": [0.6346668054744286, 0.2363871110611614, 0.4533412742934173, 0.35]}