{"x": 766, "y": 453, "w": 196, "h": 514, "rgba": [0.7701069519084267, 0.6956358813326543, 0.04901550558657841, 0.35]}