{"x": 1504, "y": 168, "w": 23, "h": 89, "rgba": [0.675259258229787, 0.3174930484950256, 0.50339393468218, 0.35]}