{"x": 1868, "y": 452, "w": 51, "h": 31, "rgba": [0.7775466476338907, 0.8165167272453775, 0.46324871494254893, 0.35]}