{"x": 325, "y": 609, "w": 35, "h": 60, "rgba": [0.213625703206612, 0.7251291107580897, 0.4819414162899225, 0.35]}