{"x": 1820, "y": 704, "w": 47, "h": 41, "rgba": [0.6464528994102579, 0.34589376973081076, 0.8976815996523017, 0.35]}