{"x": 1873, "y": 0, "w": 26, "h": 63, "rgba": [0.06155428053559675, 0.36367269042567896, 0.17938782309105694, 0.35]}