{"x": 1762, "y": 384, "w": 28, "h": 54, "rgba": [0.17497066493392344, 0.35156622987113795, 0.059256545388701176, 0.35]}