{"x": 81, "y": 1060, "w": 45, "h": 71, "rgba": [0.8358795214146667, 0.3581344062462186, 0.8135353311204571, 0.35]}