{"x": 1688, "y": 376, "w": 27, "h": 54, "rgba": [0.5431786629980727, 0.8203352445179243, 0.28464482201517705, 0.35]}