{"x": 1573, "y": 364, "w": 28, "h": 54, "rgba": [0.6459793326609545, 0.6257105945548711, 0.392598562086815, 0.35]}