{"x": 418, "y": 419, "w": 62, "h": 24, "rgba": [0.2409353163079495, 0.13439204227350998, 0.1874746732897411, 0.35]}