{"x": 127, "y": 476, "w": 227, "h": 288, "rgba": [0.492956810376716, 0.5340650368746872, 0.3412890434435695, 0.35]}