{"x": 1470, "y": 284, "w": 21, "h": 83, "rgba": [0.11804292531849636, 0.8583979600362684, 0.2895487705461469, 0.35]}