{"x": 1872, "y": 397, "w": 25, "h": 53, "rgba": [0.9688941260862335, 0.24498764696198816, 0.37341362855362104, 0.35]}