{"x": 869, "y": 453, "w": 58, "h": 35, "rgba": [0.5949018368929251, 0.246106339858139, 0.9217665308343267, 0.35]}