{"x": 921, "y": 1023, "w": 9, "h": 144, "rgba": [0.2987224086711957, 0.7164081247247446, 0.2221558979162952, 0.35]}