{"x": 1512, "y": 364, "w": 22, "h": 64, "rgba": [0.3719154119277063, 0.5547549875578571, 0.8655868554736581, 0.35]}