{"x": 1457, "y": 201, "w": 20, "h": 81, "rgba": [0.8257075506382696, 0.39038315268364854, 0.4114608767406701, 0.35]}