{"x": 1515, "y": 82, "w": 17, "h": 73, "rgba": [0.7998829143911647, 0.119950194571816, 0.5604203656979193, 0.35]}