{"x": 850, "y": 913, "w": 43, "h": 36, "rgba": [0.5808465761444679, 0.3025949455472642, 0.13151873979734618, 0.35]}