{"x": 1763, "y": 0, "w": 23, "h": 46, "rgba": [0.1688376247400747, 0.7508778880420577, 0.06343911081807774, 0.35]}