{"x": 1881, "y": 701, "w": 29, "h": 39, "rgba": [0.552025861412476, 0.6545318958553584, 0.8927363265535105, 0.35]}