{"x": 1012, "y": 225, "w": 335, "h": 286, "rgba": [0.573951456045173, 0.468963270086015, 0.9319705669991235, 0.35]}