{"x": 1467, "y": 116, "w": 17, "h": 71, "rgba": [0.20876523707854344, 0.12495965841888923, 0.3589908292365258, 0.35]}