{"x": 1463, "y": 380, "w": 19, "h": 59, "rgba": [0.41821897447494116, 0.03567745571380543, 0.03321066788161764, 0.35]}