{"x": 1688, "y": 0, "w": 24, "h": 35, "rgba": [0.43845347223423825, 0.2659000794557115, 0.9228518242583512, 0.35]}