{"x": 1334, "y": 607, "w": 52, "h": 19, "rgba": [0.33067661615805277, 0.7208796525313308, 0.6381278948702541, 0.35]}