{"x": 1409, "y": 316, "w": 16, "h": 72, "rgba": [0.4321986563779353, 0.9348139327028189, 0.3936118001068212, 0.35]}