{"x": 1519, "y": 657, "w": 34, "h": 26, "rgba": [0.40100471605615196, 0.1017398008296414, 0.6894426048808885, 0.35]}