{"x": 252, "y": 747, "w": 45, "h": 26, "rgba": [0.15620784807768218, 0.7944281516189308, 0.4691158874270399, 0.35]}