{"x": 1648, "y": 0, "w": 25, "h": 31, "rgba": [0.18631409379804598, 0.7828079382034984, 0.4012686314285413, 0.35]}