{"x": 1400, "y": 240, "w": 14, "h": 71, "rgba": [0.01714891546669084, 0.3612444807437629, 0.4524544443860212, 0.35]}