{"x": 1262, "y": 614, "w": 30, "h": 24, "rgba": [0.3185489224425696, 0.74125680763916, 0.7527895498557735, 0.35]}