{"x": 0, "y": 0, "w": 138, "h": 280, "rgba": [0.2800995806501534, 0.16896801787541482, 0.5501457247905905, 0.35]}