{"x": 1408, "y": 167, "w": 13, "h": 61, "rgba": [0.3516961254435724, 0.001541234113425105, 0.16411325213513617, 0.35]}