{"x": 1403, "y": 401, "w": 15, "h": 51, "rgba": [0.42418164247781, 0.6991603564015834, 0.27520880113838686, 0.35]}