{"x": 1038, "y": 606, "w": 13, "h": 65, "rgba": [0.7481379256831726, 0.643659587109592, 0.6735832921317314, 0.35]}