{"x": 1333, "y": 1087, "w": 27, "h": 18, "rgba": [0.5359629054825993, 0.03021752407166889, 0.9287835669508983, 0.35]}