{"x": 1214, "y": 609, "w": 22, "h": 19, "rgba": [0.7336228543984599, 0.11933531972948008, 0.05887823952779525, 0.35]}