{"x": 1340, "y": 423, "w": 11, "h": 43, "rgba": [0.4949054101505991, 0.5497036542850852, 0.18835261207153098, 0.35]}