{"x": 1700, "y": 688, "w": 43, "h": 10, "rgba": [0.09367007105726377, 0.585491427604311, 0.6897701987594769, 0.35]}