{"x": 1389, "y": 685, "w": 20, "h": 13, "rgba": [0.2478514126006085, 0.6918247378699836, 0.3062914370349873, 0.35]}