{"x": 863, "y": 994, "w": 16, "h": 8, "rgba": [0.039492145531101475, 0.13655980014319768, 0.8197905900945847, 0.35]}