{"x": 404, "y": 581, "w": 117, "h": 292, "rgba": [0.432657837579172, 0.3175574197954575, 0.2674334617685471, 0.35]}