{"x": 0, "y": 767, "w": 152, "h": 382, "rgba": [0.1321112077434149, 0.8016265221556365, 0.5274419875386939, 0.35]}