{"x": 669, "y": 515, "w": 140, "h": 248, "rgba": [0.3604497829664809, 0.4469726998721766, 0.06149533262896523, 0.35]}