{"x": 0, "y": 958, "w": 145, "h": 241, "rgba": [0.8565751788018386, 0.025743469811757125, 0.5273750646144532, 0.35]}