{"x": 490, "y": 786, "w": 115, "h": 197, "rgba": [0.8226392889973352, 0.03310531432866615, 0.7121837509273664, 0.35]}