{"x": 238, "y": 612, "w": 1681, "h": 587, "rgba": [0.18252089516557424, 0.8502340473448636, 0.05057350967691887, 0.35]}