{"x": 822, "y": 519, "w": 124, "h": 243, "rgba": [0.13433265450024912, 0.6557508452733284, 0.8236769829200828, 0.35]}