{"x": 403, "y": 582, "w": 117, "h": 182, "rgba": [0.641630238619169, 0.4366428282659013, 0.8115835005553289, 0.35]}