{"x": 576, "y": 0, "w": 70, "h": 769, "rgba": [0.586321937869358, 0.9554650619170485, 0.19811045276282502, 0.35]}