{"x": 1133, "y": 433, "w": 143, "h": 104, "rgba": [0.6605398432273332, 0.23215489727298322, 0.6318604253988775, 0.35]}