{"x": 1564, "y": 418, "w": 291, "h": 69, "rgba": [0.41679022592686144, 0.42887800610705196, 0.7405774862399228, 0.35]}