{"x": 1550, "y": 627, "w": 246, "h": 67, "rgba": [0.7956674550132906, 0.3799901315563049, 0.7566399677721373, 0.35]}