{"x": 407, "y": 582, "w": 113, "h": 119, "rgba": [0.12499960574312297, 0.4277883430335765, 0.9710919944319908, 0.35]}