{"x": 497, "y": 787, "w": 108, "h": 109, "rgba": [0.8683445142718463, 0.9633100612806352, 0.08341662907504777, 0.35]}