{"x": 79, "y": 368, "w": 146, "h": 93, "rgba": [0.4315114090802634, 0.45849311701405626, 0.6383748159982313, 0.35]}