{"x": 990, "y": 853, "w": 367, "h": 50, "rgba": [0.5170438314799403, 0.5783967430463359, 0.03616134559438233, 0.35]}