{"x": 1324, "y": 0, "w": 595, "h": 610, "rgba": [0.8605270169464023, 0.3337309499189355, 0.37027543382316375, 0.35]}