{"x": 316, "y": 687, "w": 114, "h": 119, "rgba": [0.6393582154882202, 0.16471542777124515, 0.9813534464033757, 0.35]}