{"x": 272, "y": 868, "w": 222, "h": 54, "rgba": [0.131512637997092, 0.865035229486662, 0.783164583143683, 0.35]}