{"x": 0, "y": 434, "w": 157, "h": 186, "rgba": [0.6830951756457994, 0.5050103410370874, 0.004935125767039028, 0.35]}