{"x": 491, "y": 882, "w": 113, "h": 101, "rgba": [0.9849949553988766, 0.7214760175523174, 0.27288353635110296, 0.35]}