{"x": 130, "y": 0, "w": 48, "h": 475, "rgba": [0.047834009870778016, 0.7305188015951827, 0.9522300463753054, 0.35]}