{"x": 227, "y": 421, "w": 147, "h": 96, "rgba": [0.9195398498407626, 0.22472146893351308, 0.8054688582035239, 0.35]}