{"x": 135, "y": 0, "w": 42, "h": 368, "rgba": [0.16820453459303253, 0.7596931191615964, 0.9256164561313661, 0.35]}