{"x": 758, "y": 478, "w": 82, "h": 357, "rgba": [0.7387105002336203, 0.005758135853187407, 0.5274713549477609, 0.35]}