{"x": 1754, "y": 651, "w": 165, "h": 89, "rgba": [0.15273611152322686, 0.8663844889391338, 0.8487418570596451, 0.35]}