{"x": 685, "y": 477, "w": 156, "h": 359, "rgba": [0.6463905634287075, 0.9527804316689764, 0.994850602240674, 0.35]}