{"x": 929, "y": 0, "w": 684, "h": 456, "rgba": [0.5693613894892903, 0.669757832329369, 0.9886209844823645, 0.35]}