{"x": 0, "y": 273, "w": 45, "h": 208, "rgba": [0.09943324249353513, 0.4562686780793518, 0.131910093860505, 0.35]}