{"x": 235, "y": 355, "w": 168, "h": 74, "rgba": [0.006121087823575233, 0.985725795384259, 0.23668560558921814, 0.35]}