{"x": 810, "y": 1166, "w": 242, "h": 33, "rgba": [0.7706449236857956, 0.1807120173699721, 0.30353608523655673, 0.35]}