{"x": 1196, "y": 440, "w": 79, "h": 97, "rgba": [0.045712244245271316, 0.3600769339048757, 0.09062507195517189, 0.35]}