{"x": 325, "y": 0, "w": 53, "h": 137, "rgba": [0.832926224446389, 0.7210699469867231, 0.7554327574737748, 0.35]}