{"x": 762, "y": 656, "w": 61, "h": 179, "rgba": [0.536193606710277, 0.603896669766301, 0.46870589201428936, 0.35]}