{"x": 969, "y": 488, "w": 152, "h": 54, "rgba": [0.0010522607797711636, 0.013091837862959865, 0.5272294752588947, 0.35]}