{"x": 46, "y": 432, "w": 114, "h": 192, "rgba": [0.17214639140887167, 0.821605887125957, 0.33166011682615104, 0.35]}