{"x": 605, "y": 721, "w": 38, "h": 157, "rgba": [0.8056105095647028, 0.3868978593824125, 0.2652727456251476, 0.35]}