{"x": 1300, "y": 483, "w": 81, "h": 120, "rgba": [0.5058030880626738, 0.906137694037279, 0.5130556043188911, 0.35]}