{"x": 78, "y": 366, "w": 281, "h": 831, "rgba": [0.6552946945938954, 0.6768588027291258, 0.6333557392259632, 0.35]}