{"x": 622, "y": 982, "w": 172, "h": 92, "rgba": [0.9512013392598972, 0.6227915263937437, 0.44871141972773776, 0.35]}