{"x": 0, "y": 448, "w": 92, "h": 73, "rgba": [0.9786891260631903, 0.34078867089150955, 0.4749157417616673, 0.35]}