{"x": 1484, "y": 612, "w": 170, "h": 56, "rgba": [0.43808939864426377, 0.7090830192928702, 0.7100973253057011, 0.35]}