{"x": 1634, "y": 577, "w": 123, "h": 51, "rgba": [0.5730842864161458, 0.86272020228638, 0.507283545526548, 0.35]}