{"x": 351, "y": 448, "w": 131, "h": 43, "rgba": [0.37400639695903837, 0.525216662574847, 0.8185795133006734, 0.35]}