{"x": 765, "y": 439, "w": 76, "h": 68, "rgba": [0.24524939163812864, 0.1313265894158906, 0.44331014661869284, 0.35]}