{"x": 740, "y": 65, "w": 47, "h": 130, "rgba": [0.25507860952253414, 0.8600141486711124, 0.46275681200842256, 0.35]}