{"x": 1422, "y": 604, "w": 136, "h": 55, "rgba": [0.1473255711369793, 0.6382363082311401, 0.7997325649571672, 0.35]}