{"x": 109, "y": 445, "w": 250, "h": 222, "rgba": [0.023758415275144995, 0.9578289105977963, 0.08119904910563192, 0.35]}