{"x": 1300, "y": 483, "w": 80, "h": 73, "rgba": [0.8771815914646028, 0.5303675221705242, 0.031767245815017775, 0.35]}