{"x": 624, "y": 438, "w": 217, "h": 636, "rgba": [0.9725306446282413, 0.051116382525658866, 0.5559428167768847, 0.35]}