{"x": 719, "y": 198, "w": 53, "h": 121, "rgba": [0.2452484525546621, 0.9429768876565524, 0.8347923460279311, 0.35]}