{"x": 683, "y": 1019, "w": 111, "h": 55, "rgba": [0.8878941594823644, 0.7836240704259875, 0.6773555472939917, 0.35]}