{"x": 942, "y": 697, "w": 348, "h": 35, "rgba": [0.6038212523773449, 0.8953656455242249, 0.6977066157204607, 0.35]}