{"x": 1198, "y": 482, "w": 72, "h": 55, "rgba": [0.9496674555630219, 0.47446777668211526, 0.3717849957214161, 0.35]}