{"x": 1027, "y": 487, "w": 94, "h": 46, "rgba": [0.8705939203753417, 0.4184762367041045, 0.6793585614249396, 0.35]}