{"x": 605, "y": 638, "w": 42, "h": 83, "rgba": [0.3658015850914802, 0.21032490683030292, 0.22832553293699154, 0.35]}