{"x": 1267, "y": 456, "w": 53, "h": 84, "rgba": [0.15742989282369058, 0.14374097161295507, 0.8451893445550359, 0.35]}