{"x": 403, "y": 684, "w": 111, "h": 35, "rgba": [0.3448457301677085, 0.6360078466082629, 0.5847705191235415, 0.35]}