{"x": 1133, "y": 448, "w": 44, "h": 82, "rgba": [0.41811833047102975, 0.15025514823889297, 0.28872327952305243, 0.35]}