{"x": 656, "y": 447, "w": 63, "h": 62, "rgba": [0.13378290727446107, 0.8159496038864653, 0.20492599685156765, 0.35]}