{"x": 0, "y": 276, "w": 232, "h": 567, "rgba": [0.3849069216087926, 0.5814690014478325, 0.5365209726599035, 0.35]}