{"x": 758, "y": 477, "w": 82, "h": 67, "rgba": [0.6610122615944869, 0.12883969573598553, 0.4942809475853709, 0.35]}