{"x": 420, "y": 579, "w": 100, "h": 36, "rgba": [0.025939278069021743, 0.023113117486653678, 0.5498016532378898, 0.35]}