{"x": 1217, "y": 570, "w": 89, "h": 40, "rgba": [0.7296725897994072, 0.17195378113844362, 0.049273468514066, 0.35]}