{"x": 1856, "y": 1138, "w": 63, "h": 61, "rgba": [0.8387065150234748, 0.3355696314329949, 0.29522218057278327, 0.35]}