{"x": 336, "y": 481, "w": 89, "h": 36, "rgba": [0.3677832131774478, 0.5155331536267097, 0.33181039938397583, 0.35]}