{"x": 1868, "y": 675, "w": 51, "h": 65, "rgba": [0.5831852765389725, 0.9358132081924784, 0.8233065391103226, 0.35]}