{"x": 1820, "y": 705, "w": 65, "h": 51, "rgba": [0.7739878157039509, 0.5225233345647515, 0.21752142498990013, 0.35]}