{"x": 1202, "y": 440, "w": 72, "h": 35, "rgba": [0.06684754185230646, 0.5187874916829316, 0.8519026924353857, 0.35]}