{"x": 0, "y": 476, "w": 63, "h": 45, "rgba": [0.6627464396030261, 0.10620092877236742, 0.848935640316628, 0.35]}