{"x": 955, "y": 464, "w": 61, "h": 50, "rgba": [0.1057121838460886, 0.68669521495683, 0.9504291697290826, 0.35]}