{"x": 0, "y": 33, "w": 232, "h": 811, "rgba": [0.7373640021733482, 0.530899454536554, 0.2550810761488279, 0.35]}