{"x": 1098, "y": 529, "w": 53, "h": 61, "rgba": [0.30561554739326724, 0.9930851723872914, 0.7428695351603678, 0.35]}