{"x": 1592, "y": 148, "w": 30, "h": 91, "rgba": [0.6001895268290081, 0.0012486577724101222, 0.8835387129054548, 0.35]}