{"x": 520, "y": 820, "w": 64, "h": 35, "rgba": [0.44783814116419807, 0.5523305911311012, 0.24023714790426165, 0.35]}