{"x": 519, "y": 466, "w": 70, "h": 37, "rgba": [0.882418796415715, 0.11643150176989325, 0.8619253804095898, 0.35]}