{"x": 968, "y": 499, "w": 65, "h": 43, "rgba": [0.13666738567022962, 0.38899258355604205, 0.5899879494744993, 0.35]}