{"x": 1581, "y": 256, "w": 31, "h": 92, "rgba": [0.9628459383190723, 0.06197030749860455, 0.48854032003108994, 0.35]}