{"x": 1770, "y": 279, "w": 30, "h": 90, "rgba": [0.9571175541227361, 0.18940345892460875, 0.32200654338282164, 0.35]}