{"x": 1631, "y": 154, "w": 29, "h": 91, "rgba": [0.9551560679426682, 0.1311439509183463, 0.1383659042157368, 0.35]}