{"x": 1619, "y": 261, "w": 31, "h": 91, "rgba": [0.7185891526992518, 0.8885177331873944, 0.4537873999949581, 0.35]}