{"x": 1744, "y": 169, "w": 29, "h": 89, "rgba": [0.8653181922805753, 0.20639491948185018, 0.9923791133803107, 0.35]}