{"x": 81, "y": 765, "w": 210, "h": 433, "rgba": [0.8146316623077674, 0.7596034856075563, 0.2206148834252879, 0.35]}