{"x": 1889, "y": 189, "w": 30, "h": 88, "rgba": [0.033460638544635324, 0.8291578705787922, 0.30632718669654224, 0.35]}