{"x": 1696, "y": 269, "w": 29, "h": 92, "rgba": [0.3261310126528919, 0.910536630170898, 0.1272066386992864, 0.35]}