{"x": 1827, "y": 74, "w": 28, "h": 88, "rgba": [0.12242116723954655, 0.02339384295294311, 0.14455622783380717, 0.35]}