{"x": 1066, "y": 1168, "w": 72, "h": 31, "rgba": [0.7312485726174406, 0.9664474823319852, 0.69452445767039, 0.35]}