{"x": 1640, "y": 46, "w": 29, "h": 91, "rgba": [0.19079425434426467, 0.9513692772320602, 0.8663878407814121, 0.35]}