{"x": 1754, "y": 63, "w": 28, "h": 89, "rgba": [0.7565133985989756, 0.18937859577545957, 0.5056803602935965, 0.35]}