{"x": 1807, "y": 284, "w": 28, "h": 89, "rgba": [0.02131765635011018, 0.43325652619706134, 0.026411508907083436, 0.35]}