{"x": 1780, "y": 619, "w": 54, "h": 47, "rgba": [0.44705657578678015, 0.796660562135987, 0.617071638750711, 0.35]}