{"x": 1818, "y": 179, "w": 28, "h": 89, "rgba": [0.4781948348698897, 0.017094568396938348, 0.6018979877735146, 0.35]}