{"x": 1707, "y": 163, "w": 28, "h": 92, "rgba": [0.3317757345976362, 0.3619619898623414, 0.2570135712090411, 0.35]}